palabra,score_promedio
model,0.03014054622669075
data,0.029834252245452313
learning,0.02345573024469545
method,0.020007299793273838
study,0.0198583991486074
based,0.01902709764807185
algorithm,0.01897848939811803
teaching,0.01732340450239637
design,0.017305083075034016
accuracy,0.017078082443243527
analysis,0.01698219409880867
research,0.0163899253847571
students,0.016224835344577727
results,0.01575955617891812
time,0.015614143320058421
